name,source,parser,abuse_type,parse_method,csv_column
DNSBunker-Malware,https://codeberg.org/xRuffKez/DNSBunker_DNSBL/raw/branch/main/02_mal.txt,#,malware,None,None
NoTrack,https://gitlab.com/quidsup/notrack-blocklists/raw/master/notrack-malware.txt,#,malware,simple,None
Spyware_Filters,https://raw.githubusercontent.com/AdguardTeam/AdguardFilters/master/SpywareFilter/sections/mobile.txt,#,malware,adguard,None
Stalkerware_Indicators-1,https://raw.githubusercontent.com/AssoEchap/stalkerware-indicators/master/generated/hosts,#,malware,None,None
Stalkerware_Indicators-2,https://raw.githubusercontent.com/AssoEchap/stalkerware-indicators/master/generated/quad9_blocklist.txt,#,malware,None,None
Anti-Malware_Domains-1,https://raw.githubusercontent.com/DandelionSprout/adfilt/refs/heads/master/Alternate%20versions%20Anti-Malware%20List/AntiMalwareDomains.txt,#,malware,simple,None
Anti-Malware_Domains-2,https://raw.githubusercontent.com/iam-py-test/my_filters_001/refs/heads/main/Alternative%20list%20formats/antimalware_domains_nopups.txt,#,malware,None,None
Malware_Domains-1,https://raw.githubusercontent.com/LanikSJ/ubo-filters/main/filters/malware-domains.txt,#,malware,adguard,None
Maltrail_Malware_Domains,https://github.com/stamparm/trails/releases/latest/download/maltrail-malware-domains.txt,#,malware,simple,None
uBlockFilters,https://raw.githubusercontent.com/uBlockOrigin/uAssets/master/filters/badware.txt,#,malware,adguard,None
Miguel_de_Moura_Malware_List,https://raw.githubusercontent.com/migueldemoura/ublock-umatrix-rulesets/refs/heads/master/Hosts/malware,#,malware,simple,None
ShadowWhisperer_Blocklist-malware,https://raw.githubusercontent.com/ShadowWhisperer/BlockLists/refs/heads/master/Lists/Malware,#,malware,simple,None
Pegasus-Related_Domains,https://raw.githubusercontent.com/AmnestyTech/investigations/master/2021-07-18_nso/domains.txt,#,malware,None,None
Indian-Made_Spyware,https://raw.githubusercontent.com/AmnestyTech/investigations/master/2021-10-07_donot/domains.txt,#,malware,None,None
Wintego_Helios_Spyware_Domains,https://raw.githubusercontent.com/AmnestyTech/investigations/refs/heads/master/2024-05-02_wintego_helios/domains.txt,#,malware,None,None
Cytrox_Spyware_Domains,https://raw.githubusercontent.com/AmnestyTech/investigations/refs/heads/master/2021-12-16_cytrox/domains.txt,#,malware,None,None
FinSpy_Domains,https://raw.githubusercontent.com/AmnestyTech/investigations/refs/heads/master/2020-09-25_finfisher/domains.txt,#,malware,None,None
Android_Hacking_Campaign_Linked_to_Mercenary_Spyware_Company,https://raw.githubusercontent.com/AmnestyTech/investigations/master/2023-03-29_android_campaign/domains.txt,#,malware,None,None
Malware_Domains-2,https://raw.githubusercontent.com/cbuijs/ut1/master/malware/domains,#,malware,None,None
Stalkerware_Domains,https://raw.githubusercontent.com/cbuijs/ut1/master/stalkerware/domains,#,malware,None,None
Dandelion_Sprout's_Anti-Malware_List,https://raw.githubusercontent.com/DandelionSprout/adfilt/refs/heads/master/Dandelion%20Sprout's%20Anti-Malware%20List.txt,#,malware,adblock_plus,None
Malware_List,https://raw.githubusercontent.com/Entree3k/Pi-hole-Block-List/refs/heads/master/Malware%20List,#,malware,simple,None
Ransomware_List,https://raw.githubusercontent.com/Entree3k/Pi-hole-Block-List/refs/heads/master/Ransomware%20List,#,malware,None,None
Malware_Domains-3,https://raw.githubusercontent.com/LanikSJ/ubo-filters/refs/heads/main/filters/malware-domains.txt,#,malware,adguard,None
Badware_List,https://raw.githubusercontent.com/uBlockOrigin/uAssets/refs/heads/master/filters/badware.txt,#,malware,adguard,None
Kushari,https://www.kushari.org/downloads/mal.txt,#,phishing,hosts,None
DNSBunker-Phishing,https://codeberg.org/xRuffKez/DNSBunker_DNSBL/raw/branch/main/06_phish.txt,#,phishing,None,None
DNSBunker-Fake,https://codeberg.org/xRuffKez/DNSBunker_DNSBL/raw/branch/main/04_fake.txt,#,phishing,None,None
DNSBunker-Scam,https://codeberg.org/xRuffKez/DNSBunker_DNSBL/raw/branch/main/03_scam.txt,#,phishing,None,None
Phishing_Database,https://raw.githubusercontent.com/Phishing-Database/phishing/refs/heads/master/additions/permanent/domains.list,#,phishing,None,None
Phishing_Database-Active,https://phish.co.za/latest/phishing-domains-ACTIVE.txt,#,phishing,full_url,None
Phishing_Database-Wildcards,https://raw.githubusercontent.com/Phishing-Database/phishing/refs/heads/master/additions/permanent/domains.wildcard.list,#,phishing,None,None
Phishing_Army,https://phishing.army/download/phishing_army_blocklist_extended.txt,#,phishing,simple,None
Phishing_Hosts,https://phishing-filter.pages.dev/phishing-filter-hosts.txt,#,phishing,hosts,None
SinkingYachts,https://phish.sinking.yachts/v2/text,#,phishing,None,None
Phishing_Blocklist,https://raw.githubusercontent.com/chainapsis/phishing-block-list/refs/heads/main/block-list.txt,#,phishing,None,None
eth-phishing-detect,https://raw.githubusercontent.com/MetaMask/eth-phishing-detect/master/src/hosts.txt,#,phishing,hosts,None
Valdini_Phish_Feed,https://raw.githubusercontent.com/MikhailKasimov/validin-phish-feed/main/validin-phish-feed.txt,#,phishing,simple,None
Valdini_Phish_feed-1,https://raw.githubusercontent.com/MikhailKasimov/validin-phish-feed/main/validin-phish-feed-1.txt,#,phishing,simple,None
Valdini_Phish_feed-2,https://raw.githubusercontent.com/MikhailKasimov/validin-phish-feed/main/validin-phish-feed-2.txt,#,phishing,simple,None
Valdini_Phish_feed-3,https://raw.githubusercontent.com/MikhailKasimov/validin-phish-feed/main/validin-phish-feed-3.txt,#,phishing,simple,None
Valdini_Phish_feed-4,https://raw.githubusercontent.com/MikhailKasimov/validin-phish-feed/main/validin-phish-feed-4.txt,#,phishing,simple,None
Valdini_Phish_feed-5,https://raw.githubusercontent.com/MikhailKasimov/validin-phish-feed/main/validin-phish-feed-5.txt,#,phishing,simple,None
Valdini_Phish_feed-6,https://raw.githubusercontent.com/MikhailKasimov/validin-phish-feed/main/validin-phish-feed-6.txt,#,phishing,simple,None
OpenPhish_Community_Phishing_Feed,https://raw.githubusercontent.com/openphish/public_feed/refs/heads/main/feed.txt,#,phishing,full_url,None
Destroylist:Phishing,https://raw.githubusercontent.com/phishdestroy/destroylist/main/list.txt,#,phishing,None,None
ScamSniffer,https://raw.githubusercontent.com/scamsniffer/scam-database/main/blacklist/domains.json,#,phishing,json,None
Scam_Blocklist,https://raw.githubusercontent.com/durablenapkin/scamblocklist/master/hosts.txt,#,phishing,hosts,None
Globa_Anti-Scam_Organization_Blocklist,https://raw.githubusercontent.com/elliotwutingfeng/GlobalAntiScamOrg-blocklist/main/global-anti-scam-org-scam-urls-pihole.txt,#,phishing,None,None
ShadowWhisperer_Blocklist-phishing,https://raw.githubusercontent.com/ShadowWhisperer/BlockLists/master/Lists/Scam,#,phishing,simple,None
Liste_Fake_shops,https://www.watchlist-internet.at/liste-betruegerischer-shops/csv,#,phishing,csv,0
IOC_Repository-1,https://raw.githubusercontent.com/dbertho/ioc/refs/heads/main/clickfix_web3.csv,#,phishing,csv,Domain
IOC_Repository-2,https://raw.githubusercontent.com/dbertho/ioc/refs/heads/main/exacthire.csv,#,phishing,csv,Domain
IOC_Repository-3,https://raw.githubusercontent.com/dbertho/ioc/refs/heads/main/sneaky2fa.csv,#,phishing,csv,Domain
Phishing_Domains,https://raw.githubusercontent.com/cbuijs/ut1/master/phishing/domains,#,phishing,None,None
Scam_List,https://raw.githubusercontent.com/Entree3k/Pi-hole-Block-List/refs/heads/master/Scam%20List,#,phishing,None,None
Phishing_List,https://raw.githubusercontent.com/Entree3k/Pi-hole-Block-List/refs/heads/master/Phishing%20List,#,phishing,None,None
Fraud_List,https://raw.githubusercontent.com/Entree3k/Pi-hole-Block-List/refs/heads/master/Fraud%20List,#,phishing,None,None
Fake_Shop_Blocklist,https://raw.githubusercontent.com/kdkiss/online-sicher-blocklist/main/domains.txt,#,phishing,simple,None
Crypto_Scam_and_Crypto_Phishing_Threat_Intel_Feed,https://raw.githubusercontent.com/spmedia/Crypto-Scam-and-Crypto-Phishing-Threat-Intel-Feed/refs/heads/main/detected_urls.txt,#,phishing,simple,None
Antispam-It,https://raw.githubusercontent.com/marco-acorte/antispam-it/main/antispam-it.txt,#,spam,simple,None
Spam_List-1,https://raw.githubusercontent.com/ThioJoe/YT-Spam-Lists/refs/heads/main/SpamDomainsList.txt,#,spam,simple,None
Stop_Forum_Spam,https://www.stopforumspam.com/downloads/toxic_domains_whole_filtered.txt,#,spam,None,None
Spam_List-2,https://raw.githubusercontent.com/Entree3k/Pi-hole-Block-List/refs/heads/master/Spam%20List,#,spam,None,None